Category,Desire (I buy because of..),Priority,Description,Brain Clicks (when seeing the ad)
Achievement,The Pride of Finishing,Low,Davincified paint by numbers kits deliver the rewarding feeling of finishing a beautiful artwork you can proudly display with the deep satisfaction of completing something meaningful from start to finish.,Oh I want to feel proud of my skills
Achievement,Growing My Skills,Low,Davincified paint by numbers kits build artistic confidence and brush control letting you see real improvement with every painting.,Oh I want to be better at painting maybe I can start with paint by numbers
Achievement,Building Discipline,Low,Davincified paint by numbers kits help create consistency turning small daily moments into steady progress and follow through.,Oh I am tired of feeling chaotic maybe this will help
Achievement,Want to Prove Them Wrong,Low,Davincified paint by numbers kits let you show yourself and others what you are capable of creating.,Oh when I finish this I will prove I can be artistic
Achievement,Hard Work Credit,Low,Davincified paint by numbers kits make your effort visible so people recognize the time and care you invested.,Oh I want people to notice how much work I put into this
Achievement,Excited to Learn Again,Medium,Davincified paint by numbers kits bring back the joy of learning something new and engaging.,Oh I love trying new things maybe I will learn how to paint
Achievement,Collecting Impulse,Medium,Davincified paint by numbers kits make the tools and supplies themselves exciting and fun to collect.,Oh I like this and this and this I want them all
Entertainment,The Maintainable Hobby,Medium,Davincified paint by numbers kits help you commit to a creative hobby you can actually maintain.,Oh I start hobbies then quit maybe this one will stick
Entertainment,New Hobby,High,Davincified paint by numbers kits offer fun and relaxation without needing advanced skills.,Oh I want a little hobby in my life not only work
Entertainment,Calm Fun,High,Davincified paint by numbers kits provide satisfying creative time without draining energy.,Oh that looks wonderful I want to paint
Entertainment,Creative Copycat,Low,Davincified paint by numbers kits let you recreate iconic artwork beautifully while learning real techniques.,Oh it would be so cool to paint famous paintings and hang them
Entertainment,Escaping the Routine,Low,Davincified paint by numbers kits help break boring daily cycles with creativity.,Oh I am sick of routine I need something different
Entertainment,Easy Art Beginners Friendly,Medium,Davincified paint by numbers kits make success achievable so anyone can finish something beautiful.,Oh if others can do it I can do it too
Entertainment,Boredom Relief,Medium,Davincified paint by numbers kits turn empty time into meaningful creation.,Oh I am bored instead of scrolling I will paint
Entertainment,Sick Day Entertainment,Medium,Davincified paint by numbers kits give gentle activity when you need rest.,Oh this could help when I am stuck at home recovering
Entertainment,Rainy Day Activity,Urgent,Davincified paint by numbers kits are the perfect cozy indoor activity.,Oh I love staying inside when it is cold
Gifting,Distance Connection Gift,High,Davincified paint by numbers kits let you send something meaningful that keeps you connected.,Oh they will feel thought of and it will mean a lot
Gifting,Newborn Gifts,High,Davincified paint by numbers kits create sentimental gifts for new parents.,Oh what a lovely idea for a new baby
Gifting,Personal Gift,High,Davincified paint by numbers kits feel deeply personal and last for years.,Oh this is way better than a generic gift
Gifting,Gift to Grandpa,High,Davincified paint by numbers kits turn meaningful memories into artwork he will proudly display.,Oh he will really love this
Gifting,Gift to Grandma,High,Davincified paint by numbers kits create heartfelt keepsakes grandmothers treasure.,Oh this will make her feel loved
Gifting,Gift to My Kid,High,Davincified paint by numbers kits give kids a fun creative project that builds confidence.,Oh this is amazing for my kids
Gifting,Gift to My Mom,High,Davincified paint by numbers kits show real appreciation instead of another predictable gift.,Oh mom will actually keep this
Gifting,Gift to My Friend,High,Davincified paint by numbers kits make a creative and memorable friend gift.,Oh this fits my friend so well
Gifting,Gift to My Brother,High,Davincified paint by numbers kits make a surprising and thoughtful gift for brothers.,Oh he will be shocked and love it
Gifting,Gift to My Sister,High,Davincified paint by numbers kits give sisters something creative and relaxing to enjoy.,Oh this totally matches her
Gifting,Authentic Gift Effort,Low,Davincified paint by numbers kits show effort you cannot fake.,Oh they will feel how much I care
Gifting,Social Equilibrium,Medium,Davincified paint by numbers kits let you thoughtfully return kindness.,Oh I want to give something back
Gifting,Gift to My Partner,Urgent,Davincified paint by numbers kits give partners a touching personal gift.,Oh this is creative and romantic
Home Decor,Photos Preservation,High,Davincified paint by numbers kits turn photos into painted memories you can display forever.,Oh this is better than leaving them on my phone
Home Decor,Those Trip Photos,High,Davincified paint by numbers kits let you relive travel memories every day through art.,Oh that trip was amazing I want that photo on my wall
Home Decor,Personal Home Decor,High,Davincified paint by numbers kits help personalize your home with meaningful art.,Oh I want my home to feel like us
Home Decor,Home Decor,High,Davincified paint by numbers kits create beautiful wall art you actually made.,Oh this will look great on my wall
Home Decor,New Baby Prep,Urgent,Davincified paint by numbers kits let you create unique nursery art and gifts.,Oh I can paint something special for the baby
Human Connection,Cool Party with Friends,High,Davincified paint by numbers kits make creative gatherings fun and memorable.,Oh we can paint and talk together
Human Connection,Parent Child Bonding,High,Davincified paint by numbers kits create meaningful screen free family moments.,Oh this will be great time with my kid
Human Connection,Kids Skills,High,Davincified paint by numbers kits support creativity patience and confidence in kids.,Oh this can help my child develop
Human Connection,Grandparent Bonding,High,Davincified paint by numbers kits bring generations together around something creative.,Oh this is perfect for grandparents and kids
Human Connection,Family Time,High,Davincified paint by numbers kits give families something to enjoy together.,Oh finally something fun without screens
Human Connection,Helping Protecting Kids,High,Davincified paint by numbers kits create calming focus instead of chaos at home.,Oh this feels healthier for my kids
Human Connection,Build Nostalgia,High,Davincified paint by numbers kits help create lasting family memories.,Oh we will remember doing this together
Human Connection,Partner Bonding,High,Davincified paint by numbers kits create quiet shared moments with your partner.,Oh this would be a sweet thing to do together
Human Connection,Trendy Date Night,High,Davincified paint by numbers kits make a creative and cute date night idea.,Oh this is so cute
Human Connection,Holiday Family Bonding,Urgent,Davincified paint by numbers kits turn holidays into creative family traditions.,Oh this holiday can actually feel like family time
Identity,Connecting to My Identity or Hobbies,High,Davincified paint by numbers kits let you paint themes that represent who you are.,Oh I love this topic I want to paint it
Identity,Heritage Connection,High,Davincified paint by numbers kits help honor culture roots and family history.,Oh this connects me to my roots
Identity,Mission Driven,High,Davincified paint by numbers kits let you support causes and values through themed art.,Oh this reflects what I believe in
Identity,History Keeper,High,Davincified paint by numbers kits help preserve meaningful historical moments through art.,Oh I love history painting it sounds amazing
Identity,Spiritual Practice,Urgent,Davincified paint by numbers kits can become a calming ritual for reflection.,Oh this feels meaningful and grounding
Identity,Sacred Time,Urgent,Davincified paint by numbers kits help create quiet dedicated creative time.,Oh this is my peaceful space
Influence Tactic,Fear of Missing Out,High,Davincified paint by numbers kits encourage action before the moment passes.,Oh there is a sale I should get it now
Influence Tactic,Trendy Influence,High,Davincified paint by numbers kits help you join a creative trend others enjoy.,Oh everyone loves this I want to try it
Personal Well Being,Stress Relief,High,Davincified paint by numbers kits calm the mind through structured creativity.,Oh let me switch off my brain
Personal Well Being,Bedtime Wind Down,High,Davincified paint by numbers kits replace nighttime screens with calm painting.,Oh this feels so much healthier
Personal Well Being,Grief Channeling,High,Davincified paint by numbers kits let you paint memories as emotional healing.,Oh maybe this will help me process loss
Personal Well Being,Digital Detox,High,Davincified paint by numbers kits provide a real world break from screens.,Oh I need something physical and real
Personal Well Being,Seasonal Depression Combat,High,Davincified paint by numbers kits give you something uplifting to look forward to.,Oh maybe this will brighten the darker months
Personal Well Being,Flow State,Low,Davincified paint by numbers kits immerse you into calm focused presence.,Oh I love feeling in the moment
Personal Well Being,Trauma Healing,Medium,Davincified paint by numbers kits offer safe creative emotional processing.,Oh maybe creativity will help me heal
Personal Well Being,Anger Management,Medium,Davincified paint by numbers kits channel intense emotions into something constructive.,Oh I need a healthy outlet
Personal Well Being,Brain Stimulator,High,Davincified paint by numbers kits keep the mind active with rewarding challenge.,Oh this is good for my brain
Personal Well Being,Self Love,High,Davincified paint by numbers kits let you do something just for yourself without guilt.,Oh I deserve this
Personal Well Being,Introvert Recharge,High,Davincified paint by numbers kits provide peaceful alone time that feels meaningful.,Oh I need quiet creative time
Personal Well Being,Hand Therapy,High,Davincified paint by numbers kits gently support fine motor skills.,Oh maybe this will help my hands
Personal Well Being,Habit Switch Addiction,High,Davincified paint by numbers kits help replace bad habits with a healthy hobby.,Oh this could help me fill the time better
Personal Well Being,Better Sleep,High,Davincified paint by numbers kits create a relaxing pre sleep ritual.,Oh maybe I will finally sleep better
Personal Well Being,Sensory Seeking,Low,Davincified paint by numbers kits satisfy the desire to feel textures and materials.,Oh I love the feeling of painting
Personal Well Being,Productivity Guilt,Low,Davincified paint by numbers kits let you relax while still creating something.,Oh I get to rest and still make something
Personal Well Being,ADHD,Medium,Davincified paint by numbers kits channel restless energy into focused creativity.,Oh this keeps me engaged without stress
Personal Well Being,Perfectionism Recovery,Medium,Davincified paint by numbers kits allow creativity without pressure to be perfect.,Oh this gives me permission to enjoy the process
Self Expression,Total Creative Freedom,High,Davincified generators let you design custom unique kits that feel truly yours.,Oh the possibilities feel endless
Self Expression,Emotional Channel,Medium,Davincified paint by numbers kits help express feelings you cannot always say.,Oh I can paint how I feel
"Social Status,Social Showoff,Low,Davincified paint by numbers kits create artwork you feel proud sharing.,Oh people will think I am artistic",,,,